[
  {
    "name": "Černý most",
    "akutype": "none"
  },
  {
    "name": "Rajská zahrada",
    "akutype": "Žádný"
  },
  {
    "name": "Hloubětín",
    "akutype": "none"
  },
  {
    "name": "Kolbenova",
    "akutype": "none"
  },
  {
    "name": "Vysočanská",
    "akutype": "none"
  },
  {
    "name": "Českomoravská",
    "akutype": "none"
  },
  {
    "name": "Palmovka",
    "akutype": "none"
  },
  {
    "name": "Invalidovna",
    "akutype": "none"
  },
  {
    "name": "Křižíkova",
    "akutype": "none"
  },
  {
    "name": "Florenc",
    "akutype": "none"
  },
  {
    "name": "Náměstí Republiky",
    "akutype": "none"
  },
  {
    "name": "Můstek",
    "akutype": "none"
  },
  {
    "name": "Národní třída",
    "akutype": "none"
  },
  {
    "name": "Karlovo náměstí",
    "akutype": "none"
  },
  {
    "name": "Anděl",
    "akutype": "none"
  },
  {
    "name": "Smíchovské nádraží",
    "akutype": "none"
  },
  {
    "name": "Radlická",
    "akutype": "none"
  },
  {
    "name": "Jinonice",
    "akutype": "none"
  },
  {
    "name": "Nové Butovice",
    "akutype": "none"
  },
  {
    "name": "Hůrka",
    "akutype": "none"
  },
  {
    "name": "Lužiny",
    "akutype": "none"
  },
  {
    "name": "Luka",
    "akutype": "none"
  },
  {
    "name": "Stodůlky",
    "akutype": "none"
  },
  {
    "name": "Zličín",
    "akutype": "none"
  },
  {
    "name": "Depo Zličín",
    "akutype": "Žádný"

  }
]