[ 
 {
    "name": "Háje",
	"akutype": "none"

  },
   {
    "name": "Opatov",
	"akutype": "none"
  },
  {
    "name": "Chodov",
	"akutype": "none"
  },
  {
    "name": "Roztyly",
	"akutype": "none"
  },
  {
    "name": "Depo Kačerov",
	"akutype": "none"
  },
  {
    "name": "Kačerov",
	"akutype": "none"
  },
  {
    "name": "Budějovická",
	"akutype": "none"
  },
  {
    "name": "Pankrác",
	"akutype": "none"
  },
  {
    "name": "Pražského povstání",
	"akutype": "none"
  },
  {
    "name": "Vyšehrad",
	"akutype": "none"
  },
  {
    "name": "Centrální dispečink",
	"akutype": "none"
  },
  {
    "name": "I.P.Pavlova",
	"akutype": "none"
  },
  {
    "name": "Muzeum",
	"akutype": "none"
  },
  {
    "name": "Hlavní nádraží",
	"akutype": "none"
  },
  {
    "name": "Florenc",
	"akutype": "none"
  },
  {
    "name": "Vltavská",
	"akutype": "none"
  },
  {
    "name": "Nádraží Holešovice",
	"akutype": "none"
  },
  {
    "name": "Kobylisy",
	"akutype": "none"
  },
  {
    "name": "Ládví",
	"akutype": "none"
  },
  {
    "name": "Střížkov",
	"akutype": "none"
  },
  {
    "name": "Prosek",
	"akutype": "none"
  },
  {
    "name": "Letňany",
	"akutype": "none"
  }
]